<?xml version="1.0" encoding="UTF-8"?>
<beans xmlns="http://www.springframework.org/schema/beans"
	xmlns:aop="http://www.springframework.org/schema/aop" xmlns:tx="http://www.springframework.org/schema/tx"
	xmlns:p="http://www.springframework.org/schema/p" xmlns:xsi="http://www.w3.org/2001/XMLSchema-instance"
	xsi:schemaLocation="
		http://www.springframework.org/schema/beans http://www.springframework.org/schema/beans/spring-beans-3.1.xsd
		http://www.springframework.org/schema/aop http://www.springframework.org/schema/aop/spring-aop-3.1.xsd
		http://www.springframework.org/schema/tx http://www.springframework.org/schema/tx/spring-tx-3.1.xsd">
	<import resource="data-source-context.xml" />
	<import
		resource="classpath:/org/springframework/batch/sample/config/common-context.xml" />
	<bean id="jobLauncher"
		class="org.springframework.batch.core.launch.support.SimpleJobLauncher">
		<property name="jobRepository" ref="jobRepository" />
	</bean>

	<bean class="org.springframework.batch.core.configuration.support.JobRegistryBeanPostProcessor">
		<property name="jobRegistry" ref="jobRegistry"/>
	</bean>

	<bean id="jobRepository"
		class="org.springframework.batch.core.repository.support.JobRepositoryFactoryBean" 
		p:isolationLevelForCreate = "${batch.isolationlevel}"
		p:dataSource-ref="dataSource" p:transactionManager-ref="transactionManager" p:lobHandler-ref="lobHandler"/>

	<bean id="mapJobRepository"
		class="org.springframework.batch.core.repository.support.MapJobRepositoryFactoryBean"
		lazy-init="true" autowire-candidate="false" />

	<bean id="jobOperator"
		class="org.springframework.batch.core.launch.support.SimpleJobOperator"
		p:jobLauncher-ref="jobLauncher" p:jobExplorer-ref="jobExplorer"
		p:jobRepository-ref="jobRepository" p:jobRegistry-ref="jobRegistry" />

	<bean id="jobExplorer"
		class="org.springframework.batch.core.explore.support.JobExplorerFactoryBean"
		p:dataSource-ref="dataSource" />

	<bean id="jobRegistry"
		class="org.springframework.batch.core.configuration.support.MapJobRegistry" />

	<bean id="jdbcTemplate" class="org.springframework.jdbc.core.JdbcTemplate">
		<property name="dataSource" ref="dataSource" />
	</bean>

	<bean id="logAdvice" class="org.springframework.batch.sample.common.LogAdvice" />

	<bean id="eventAdvice"
		class="org.springframework.batch.sample.jmx.StepExecutionApplicationEventAdvice" />

</beans>