<?xml version="1.0" encoding="UTF-8"?>
<!DOCTYPE log4j:configuration SYSTEM "log4j.dtd">
<log4j:configuration xmlns:log4j="http://jakarta.apache.org/log4j/">

	<!-- Appenders -->
	<appender name="console" class="org.apache.log4j.ConsoleAppender">
		<param name="Target" value="System.out" />
		<layout class="org.apache.log4j.PatternLayout">
			<param name="ConversionPattern" value="%d{HH:mm:ss.SSS} %-5p [%t][%c] %m%n" />
		</layout>
	</appender>

	<!-- Loggers -->
	<logger name="org.springframework">
		<level value="warn" />
	</logger>

	<logger name="org.springframework.amqp">
		<level value="info" />
	</logger>

	<logger name="org.springframework.integration">
		<level value="info" />
	</logger>

	<logger name="com.prodcod.service">
		<level value="debug" />
	</logger>

	<!-- file appender -->
	<appender name="log.file" class="org.apache.log4j.FileAppender">
		<param name="file" value="./si-bookstore.log" />
		<param name="append" value="false" />
		<param name="threshold" value="debug" />
		<layout class="org.apache.log4j.PatternLayout">
			<param name="ConversionPattern" value="%d{ISO8601} %-5p [%c{1}] - %m%n" />
		</layout>
	</appender>

	<!-- Root Logger -->
	<root>
		<priority value="warn" />
		<appender-ref ref="console" />
		<appender-ref ref="log.file" />
	</root>

</log4j:configuration>