<?xml version="1.0" encoding="UTF-8" ?>
<report>
    <record id="1">
        <date>6/1/2013</date>
        <impression>139,237</impression>
        <clicks>40</clicks>
        <earning>220.90</earning>
    </record>
    <record id="2">
        <date>6/2/2013</date>
        <impression>339,100</impression>
        <clicks>60</clicks>
        <earning>320.88</earning>
    </record>
    <record id="3">
        <date>6/3/2013</date>
        <impression>431,436</impression>
        <clicks>76</clicks>
        <earning>270.80</earning>
    </record>
</report>

